-- Seed Suppliers
INSERT INTO suppliers (id, name, platform, country, rating, review_count, response_time_hours, ships_from, ships_to, certifications, categories, url, verified) VALUES
  ('a1000000-0000-0000-0000-000000000001', 'TechGadgets Pro', 'aliexpress', 'China', 4.8, 12450, 4, 'China', '["AU","US","GB","CA","NZ"]', '["CE","RoHS"]', '["electronics","accessories"]', 'https://aliexpress.com/store/techgadgets', true),
  ('a1000000-0000-0000-0000-000000000002', 'HomeStyle Direct', 'cjdropshipping', 'China', 4.6, 8320, 6, 'China', '["AU","US","GB","CA"]', '["ISO9001"]', '["home","garden","kitchen"]', 'https://cjdropshipping.com/homestyle', true),
  ('a1000000-0000-0000-0000-000000000003', 'PetPals Wholesale', 'aliexpress', 'China', 4.7, 5640, 8, 'China', '["AU","US","GB"]', '["CE"]', '["pet supplies","animals"]', 'https://aliexpress.com/store/petpals', true),
  ('a1000000-0000-0000-0000-000000000004', 'FitLife Supplies', 'cjdropshipping', 'China', 4.5, 3210, 12, 'China', '["AU","US","CA"]', '["CE","FDA"]', '["fitness","sports","health"]', 'https://cjdropshipping.com/fitlife', false),
  ('a1000000-0000-0000-0000-000000000005', 'GlowBeauty Co', 'aliexpress', 'South Korea', 4.9, 21000, 3, 'South Korea', '["AU","US","GB","CA","NZ","JP"]', '["KFDA","ISO22716"]', '["beauty","skincare","cosmetics"]', 'https://aliexpress.com/store/glowbeauty', true);

-- Seed Products
INSERT INTO products (id, source, source_id, title, description, category, subcategory, images, tags) VALUES
  -- Electronics accessories
  ('b1000000-0000-0000-0000-000000000001', 'aliexpress', 'AE-123456', 'Magnetic Wireless Charger Pad 15W', 'Fast wireless charging pad compatible with all Qi-enabled devices. Ultra-slim design, LED indicator, overcharge protection.', 'Electronics', 'Charging', '["https://placehold.co/400x400/1e293b/94a3b8?text=Charger"]', '["wireless","charging","magsafe","qi"]'),
  ('b1000000-0000-0000-0000-000000000002', 'aliexpress', 'AE-234567', 'Bluetooth 5.3 Earbuds with ANC', 'True wireless earbuds featuring active noise cancellation, 30-hour battery life, and IPX5 water resistance.', 'Electronics', 'Audio', '["https://placehold.co/400x400/1e293b/94a3b8?text=Earbuds"]', '["bluetooth","earbuds","anc","wireless"]'),
  ('b1000000-0000-0000-0000-000000000003', 'cjdropshipping', 'CJ-345678', 'Phone Stand Adjustable Aluminium', 'Premium aluminium alloy phone stand, adjustable angle 0-90 degrees, compatible with all smartphones and tablets.', 'Electronics', 'Accessories', '["https://placehold.co/400x400/1e293b/94a3b8?text=Stand"]', '["phone stand","desk","aluminium","tablet"]'),
  -- Home & Garden
  ('b1000000-0000-0000-0000-000000000004', 'cjdropshipping', 'CJ-456789', 'LED Fairy String Lights 10m', 'Warm white fairy lights with 100 LEDs, solar powered, IP65 weatherproof. Perfect for gardens and patios.', 'Home & Garden', 'Lighting', '["https://placehold.co/400x400/1e293b/94a3b8?text=Lights"]', '["fairy lights","solar","garden","outdoor"]'),
  ('b1000000-0000-0000-0000-000000000005', 'aliexpress', 'AE-567890', 'Herb Garden Kit Indoor 5-Pot', 'Self-watering herb garden kit with 5 bamboo pots, organic soil, and seed packets for basil, mint, parsley, chives, thyme.', 'Home & Garden', 'Gardening', '["https://placehold.co/400x400/1e293b/94a3b8?text=Garden"]', '["herb","garden","indoor","kitchen"]'),
  ('b1000000-0000-0000-0000-000000000006', 'cjdropshipping', 'CJ-678901', 'Bamboo Bathroom Organiser Set', 'Set of 5 bamboo bathroom storage containers with lids, eco-friendly and stylish for countertop organisation.', 'Home & Garden', 'Storage', '["https://placehold.co/400x400/1e293b/94a3b8?text=Organiser"]', '["bamboo","organiser","bathroom","eco"]'),
  -- Pet Supplies
  ('b1000000-0000-0000-0000-000000000007', 'aliexpress', 'AE-789012', 'Automatic Pet Feeder 6L Smart', 'Smart automatic pet feeder with app control, portion control, voice recording, and anti-jamming motor. Suitable for cats and dogs.', 'Pet Supplies', 'Feeding', '["https://placehold.co/400x400/1e293b/94a3b8?text=Feeder"]', '["pet feeder","automatic","smart","cat","dog"]'),
  ('b1000000-0000-0000-0000-000000000008', 'aliexpress', 'AE-890123', 'Retractable Dog Leash 5m', 'Heavy-duty retractable leash with ergonomic handle, one-button braking, and reflective tape for night visibility. Up to 50kg.', 'Pet Supplies', 'Walking', '["https://placehold.co/400x400/1e293b/94a3b8?text=Leash"]', '["dog leash","retractable","walking","safety"]'),
  ('b1000000-0000-0000-0000-000000000009', 'cjdropshipping', 'CJ-901234', 'Orthopedic Pet Bed Memory Foam', 'Large memory foam orthopedic dog bed with removable washable cover, non-slip bottom, and bolster edges.', 'Pet Supplies', 'Beds', '["https://placehold.co/400x400/1e293b/94a3b8?text=Pet+Bed"]', '["pet bed","orthopedic","memory foam","dog"]'),
  -- Fitness
  ('b1000000-0000-0000-0000-000000000010', 'cjdropshipping', 'CJ-012345', 'Resistance Bands Set 5-Pack', 'Professional resistance bands set with 5 resistance levels (10-50 lbs), door anchor, handles, ankle straps, and carry bag.', 'Fitness', 'Equipment', '["https://placehold.co/400x400/1e293b/94a3b8?text=Bands"]', '["resistance bands","fitness","workout","gym"]'),
  ('b1000000-0000-0000-0000-000000000011', 'aliexpress', 'AE-112233', 'Foam Roller Deep Tissue 33cm', 'High-density EVA foam roller for deep tissue massage, myofascial release. Textured surface with grid pattern.', 'Fitness', 'Recovery', '["https://placehold.co/400x400/1e293b/94a3b8?text=Roller"]', '["foam roller","massage","recovery","yoga"]'),
  -- Beauty
  ('b1000000-0000-0000-0000-000000000012', 'aliexpress', 'AE-223344', 'Jade Roller & Gua Sha Set', 'Natural jade facial roller and gua sha scraping tool set. Reduces puffiness, improves circulation, enhances skincare absorption.', 'Beauty', 'Skincare Tools', '["https://placehold.co/400x400/1e293b/94a3b8?text=Jade+Roller"]', '["jade roller","gua sha","skincare","facial"]'),
  ('b1000000-0000-0000-0000-000000000013', 'aliexpress', 'AE-334455', 'LED Face Mask 7-Color Light Therapy', 'Professional LED light therapy face mask with 7 colour modes, red light anti-aging, blue light acne treatment, 30-min auto-off.', 'Beauty', 'Devices', '["https://placehold.co/400x400/1e293b/94a3b8?text=LED+Mask"]', '["led mask","light therapy","anti-aging","acne"]'),
  ('b1000000-0000-0000-0000-000000000014', 'aliexpress', 'AE-445566', 'Vitamin C Serum 30ml K-Beauty', 'Korean-formulated vitamin C serum with niacinamide and hyaluronic acid. Brightening, anti-oxidant, SPF-boosting properties.', 'Beauty', 'Serums', '["https://placehold.co/400x400/1e293b/94a3b8?text=Serum"]', '["vitamin c","serum","k-beauty","brightening"]'),
  ('b1000000-0000-0000-0000-000000000015', 'aliexpress', 'AE-556677', 'Eyelash Curler Heated Electric', 'Electric heated eyelash curler with 3 temperature settings, long-lasting curl up to 24 hours, USB rechargeable.', 'Beauty', 'Makeup Tools', '["https://placehold.co/400x400/1e293b/94a3b8?text=Curler"]', '["eyelash curler","heated","electric","beauty"]');

-- Seed Product Prices
INSERT INTO product_prices (product_id, supplier_id, supplier_price, shipping_cost, processing_days, shipping_days, moq, bulk_tiers, currency) VALUES
  ('b1000000-0000-0000-0000-000000000001', 'a1000000-0000-0000-0000-000000000001', 8.50, 3.20, 2, 12, 1, '[{"qty":10,"price":7.20},{"qty":50,"price":6.50}]', 'AUD'),
  ('b1000000-0000-0000-0000-000000000002', 'a1000000-0000-0000-0000-000000000001', 18.90, 4.50, 3, 14, 1, '[{"qty":5,"price":17.50},{"qty":20,"price":15.80}]', 'AUD'),
  ('b1000000-0000-0000-0000-000000000003', 'a1000000-0000-0000-0000-000000000002', 6.20, 2.80, 1, 10, 1, '[{"qty":20,"price":5.40},{"qty":100,"price":4.80}]', 'AUD'),
  ('b1000000-0000-0000-0000-000000000004', 'a1000000-0000-0000-0000-000000000002', 7.80, 3.50, 2, 12, 1, '[{"qty":10,"price":6.90}]', 'AUD'),
  ('b1000000-0000-0000-0000-000000000005', 'a1000000-0000-0000-0000-000000000002', 12.40, 4.20, 3, 14, 1, '[{"qty":5,"price":11.20},{"qty":20,"price":9.80}]', 'AUD'),
  ('b1000000-0000-0000-0000-000000000006', 'a1000000-0000-0000-0000-000000000002', 9.60, 3.80, 2, 12, 1, '[{"qty":10,"price":8.50}]', 'AUD'),
  ('b1000000-0000-0000-0000-000000000007', 'a1000000-0000-0000-0000-000000000003', 22.50, 6.80, 4, 16, 1, '[{"qty":5,"price":20.40},{"qty":20,"price":18.20}]', 'AUD'),
  ('b1000000-0000-0000-0000-000000000008', 'a1000000-0000-0000-0000-000000000003', 11.20, 4.20, 2, 12, 1, '[{"qty":10,"price":9.80}]', 'AUD'),
  ('b1000000-0000-0000-0000-000000000009', 'a1000000-0000-0000-0000-000000000003', 28.90, 8.50, 5, 18, 1, '[{"qty":3,"price":26.50},{"qty":10,"price":24.00}]', 'AUD'),
  ('b1000000-0000-0000-0000-000000000010', 'a1000000-0000-0000-0000-000000000004', 9.80, 3.50, 2, 12, 1, '[{"qty":10,"price":8.60},{"qty":50,"price":7.40}]', 'AUD'),
  ('b1000000-0000-0000-0000-000000000011', 'a1000000-0000-0000-0000-000000000004', 7.20, 3.80, 2, 14, 1, '[{"qty":10,"price":6.40}]', 'AUD'),
  ('b1000000-0000-0000-0000-000000000012', 'a1000000-0000-0000-0000-000000000005', 4.80, 2.50, 1, 10, 1, '[{"qty":20,"price":4.20},{"qty":100,"price":3.60}]', 'AUD'),
  ('b1000000-0000-0000-0000-000000000013', 'a1000000-0000-0000-0000-000000000005', 14.50, 4.80, 3, 12, 1, '[{"qty":5,"price":13.20},{"qty":20,"price":11.80}]', 'AUD'),
  ('b1000000-0000-0000-0000-000000000014', 'a1000000-0000-0000-0000-000000000005', 6.90, 3.20, 2, 10, 1, '[{"qty":10,"price":6.20},{"qty":50,"price":5.50}]', 'AUD'),
  ('b1000000-0000-0000-0000-000000000015', 'a1000000-0000-0000-0000-000000000005', 8.20, 3.00, 2, 12, 1, '[{"qty":10,"price":7.40}]', 'AUD');

-- Seed Market Data
INSERT INTO market_data (product_id, platform, market_price, competitor_count, avg_reviews, best_seller_rank, monthly_sales_estimate, search_volume, trend_direction, trend_data) VALUES
  ('b1000000-0000-0000-0000-000000000001', 'amazon_au', 34.99, 145, 4.3, 285, 1200, 18500, 'rising', '[{"month":"2025-08","volume":14200},{"month":"2025-09","volume":15800},{"month":"2025-10","volume":16400},{"month":"2025-11","volume":17200},{"month":"2025-12","volume":18500}]'),
  ('b1000000-0000-0000-0000-000000000001', 'ebay_au', 29.95, 230, 4.1, 180, 850, 18500, 'rising', '[{"month":"2025-08","volume":14200},{"month":"2025-09","volume":15800},{"month":"2025-10","volume":16400},{"month":"2025-11","volume":17200},{"month":"2025-12","volume":18500}]'),
  ('b1000000-0000-0000-0000-000000000002', 'amazon_au', 79.99, 380, 4.2, 145, 2100, 45200, 'rising', '[{"month":"2025-08","volume":38000},{"month":"2025-09","volume":40100},{"month":"2025-10","volume":42000},{"month":"2025-11","volume":43800},{"month":"2025-12","volume":45200}]'),
  ('b1000000-0000-0000-0000-000000000002', 'ebay_au', 69.99, 510, 4.0, 92, 1600, 45200, 'rising', '[{"month":"2025-08","volume":38000},{"month":"2025-09","volume":40100},{"month":"2025-10","volume":42000},{"month":"2025-11","volume":43800},{"month":"2025-12","volume":45200}]'),
  ('b1000000-0000-0000-0000-000000000003', 'amazon_au', 24.99, 290, 4.4, 320, 900, 12800, 'stable', '[{"month":"2025-08","volume":12400},{"month":"2025-09","volume":12600},{"month":"2025-10","volume":12900},{"month":"2025-11","volume":12700},{"month":"2025-12","volume":12800}]'),
  ('b1000000-0000-0000-0000-000000000004', 'amazon_au', 32.99, 420, 4.1, 210, 1500, 28600, 'rising', '[{"month":"2025-08","volume":22000},{"month":"2025-09","volume":24400},{"month":"2025-10","volume":25800},{"month":"2025-11","volume":27100},{"month":"2025-12","volume":28600}]'),
  ('b1000000-0000-0000-0000-000000000005', 'amazon_au', 49.99, 180, 4.5, 156, 720, 9200, 'rising', '[{"month":"2025-08","volume":7100},{"month":"2025-09","volume":7600},{"month":"2025-10","volume":8100},{"month":"2025-11","volume":8700},{"month":"2025-12","volume":9200}]'),
  ('b1000000-0000-0000-0000-000000000006', 'amazon_au', 39.99, 260, 4.3, 188, 680, 8400, 'stable', '[{"month":"2025-08","volume":8200},{"month":"2025-09","volume":8300},{"month":"2025-10","volume":8500},{"month":"2025-11","volume":8400},{"month":"2025-12","volume":8400}]'),
  ('b1000000-0000-0000-0000-000000000007', 'amazon_au', 89.99, 220, 4.2, 98, 1800, 32400, 'rising', '[{"month":"2025-08","volume":24000},{"month":"2025-09","volume":26800},{"month":"2025-10","volume":28900},{"month":"2025-11","volume":30900},{"month":"2025-12","volume":32400}]'),
  ('b1000000-0000-0000-0000-000000000008', 'amazon_au', 34.99, 340, 4.0, 241, 1100, 15800, 'stable', '[{"month":"2025-08","volume":15400},{"month":"2025-09","volume":15600},{"month":"2025-10","volume":15900},{"month":"2025-11","volume":15700},{"month":"2025-12","volume":15800}]'),
  ('b1000000-0000-0000-0000-000000000009', 'amazon_au', 119.99, 145, 4.6, 62, 520, 11200, 'rising', '[{"month":"2025-08","volume":8200},{"month":"2025-09","volume":9100},{"month":"2025-10","volume":9800},{"month":"2025-11","volume":10500},{"month":"2025-12","volume":11200}]'),
  ('b1000000-0000-0000-0000-000000000010', 'amazon_au', 39.99, 580, 4.3, 78, 3200, 52000, 'rising', '[{"month":"2025-08","volume":42000},{"month":"2025-09","volume":45000},{"month":"2025-10","volume":47500},{"month":"2025-11","volume":50000},{"month":"2025-12","volume":52000}]'),
  ('b1000000-0000-0000-0000-000000000011', 'amazon_au', 29.99, 410, 4.2, 142, 1400, 22800, 'stable', '[{"month":"2025-08","volume":22000},{"month":"2025-09","volume":22400},{"month":"2025-10","volume":22900},{"month":"2025-11","volume":22600},{"month":"2025-12","volume":22800}]'),
  ('b1000000-0000-0000-0000-000000000012', 'amazon_au', 24.99, 320, 4.5, 168, 1800, 38500, 'rising', '[{"month":"2025-08","volume":29000},{"month":"2025-09","volume":31800},{"month":"2025-10","volume":34200},{"month":"2025-11","volume":36500},{"month":"2025-12","volume":38500}]'),
  ('b1000000-0000-0000-0000-000000000013', 'amazon_au', 69.99, 195, 4.4, 115, 980, 28900, 'rising', '[{"month":"2025-08","volume":21000},{"month":"2025-09","volume":23400},{"month":"2025-10","volume":25100},{"month":"2025-11","volume":27200},{"month":"2025-12","volume":28900}]'),
  ('b1000000-0000-0000-0000-000000000014', 'amazon_au', 29.99, 280, 4.6, 92, 2200, 41800, 'rising', '[{"month":"2025-08","volume":32000},{"month":"2025-09","volume":35000},{"month":"2025-10","volume":37400},{"month":"2025-11","volume":39800},{"month":"2025-12","volume":41800}]'),
  ('b1000000-0000-0000-0000-000000000015', 'amazon_au', 34.99, 165, 4.3, 204, 1100, 19200, 'rising', '[{"month":"2025-08","volume":14200},{"month":"2025-09","volume":15800},{"month":"2025-10","volume":17100},{"month":"2025-11","volume":18200},{"month":"2025-12","volume":19200}]');

-- Seed Margin Analyses
INSERT INTO margin_analyses (product_id, supplier_price, shipping_cost, platform_fee_pct, payment_fee_pct, ad_spend_estimate, return_rate_pct, selling_price, gross_profit, gross_margin_pct, net_profit, net_margin_pct, roi_pct, break_even_units, verdict, ai_analysis) VALUES
  ('b1000000-0000-0000-0000-000000000001', 8.50, 3.20, 13.0, 2.9, 3.50, 5.0, 34.99, 23.29, 66.56, 11.96, 34.18, 102.22, 4, 'excellent', 'Strong wireless charging product with excellent margin. Rising search trend and multiple platform opportunities make this ideal for scaling.'),
  ('b1000000-0000-0000-0000-000000000002', 18.90, 4.50, 13.0, 2.9, 8.00, 5.0, 79.99, 56.59, 70.75, 36.98, 46.23, 161.22, 2, 'excellent', 'Premium ANC earbuds with exceptional margin at 46%. High search volume of 45K monthly with rising trend — top opportunity for dropshipping.'),
  ('b1000000-0000-0000-0000-000000000003', 6.20, 2.80, 13.0, 2.9, 2.50, 5.0, 24.99, 16.00, 64.03, 8.67, 34.70, 96.22, 3, 'excellent', 'High-margin phone accessory with consistent demand. Low competition barrier and stable trend make this reliable for portfolio.'),
  ('b1000000-0000-0000-0000-000000000004', 7.80, 3.50, 13.0, 2.9, 3.00, 5.0, 32.99, 21.69, 65.75, 11.44, 34.68, 100.35, 4, 'excellent', 'Solar fairy lights seeing strong seasonal uplift. Home & garden category growing 28% YoY in AU market. Excellent margin profile.'),
  ('b1000000-0000-0000-0000-000000000005', 12.40, 4.20, 13.0, 2.9, 5.00, 5.0, 49.99, 33.39, 66.79, 18.05, 36.11, 109.45, 3, 'excellent', 'Sustainable herb garden kit aligns with growing wellness trend. 9.2K monthly searches with rising trend and 36% net margin.'),
  ('b1000000-0000-0000-0000-000000000006', 9.60, 3.80, 13.0, 2.9, 4.00, 5.0, 39.99, 26.59, 66.49, 13.90, 34.76, 104.03, 3, 'excellent', 'Eco-friendly bathroom organiser fits perfectly into sustainability trend. Good margin and stable demand create reliable revenue stream.'),
  ('b1000000-0000-0000-0000-000000000007', 22.50, 6.80, 13.0, 2.9, 9.00, 5.0, 89.99, 60.69, 67.44, 32.60, 36.23, 111.97, 3, 'excellent', 'Smart pet feeder is a high-ticket winner with rising pet ownership in AU. 32K monthly searches trending upward strongly.'),
  ('b1000000-0000-0000-0000-000000000008', 11.20, 4.20, 13.0, 2.9, 3.50, 5.0, 34.99, 19.59, 55.99, 9.65, 27.58, 63.49, 5, 'good', 'Dog leash in competitive but stable market. Decent margin at 27%. Consider bundling with collar or treats to improve average order value.'),
  ('b1000000-0000-0000-0000-000000000009', 28.90, 8.50, 13.0, 2.9, 12.00, 5.0, 119.99, 82.59, 68.83, 42.42, 35.35, 113.93, 3, 'excellent', 'Premium pet bed is a strong high-ticket item. Rising pet humanisation trend drives demand. Excellent ROI at 113%.'),
  ('b1000000-0000-0000-0000-000000000010', 9.80, 3.50, 13.0, 2.9, 4.00, 5.0, 39.99, 26.69, 66.74, 13.63, 34.08, 102.46, 4, 'excellent', 'Fitness category exploding post-pandemic. 52K monthly searches with rising trend. Resistance bands are consistently top sellers.'),
  ('b1000000-0000-0000-0000-000000000011', 7.20, 3.80, 13.0, 2.9, 3.00, 5.0, 29.99, 19.00, 63.35, 9.91, 33.04, 90.94, 4, 'excellent', 'Foam rollers are staple fitness recovery tools. Stable demand with good margin makes this a reliable catalogue item.'),
  ('b1000000-0000-0000-0000-000000000012', 4.80, 2.50, 13.0, 2.9, 2.50, 5.0, 24.99, 17.69, 70.79, 10.26, 41.06, 139.73, 3, 'excellent', 'Jade roller is a high-margin beauty impulse purchase. 38K monthly searches with strong rising trend — top beauty opportunity.'),
  ('b1000000-0000-0000-0000-000000000013', 14.50, 4.80, 13.0, 2.9, 7.00, 5.0, 69.99, 50.69, 72.42, 28.25, 40.36, 145.24, 3, 'excellent', 'LED face mask is premium beauty tech with excellent 40% net margin. Social media driven demand creating viral growth potential.'),
  ('b1000000-0000-0000-0000-000000000014', 6.90, 3.20, 13.0, 2.9, 3.00, 5.0, 29.99, 19.89, 66.32, 10.91, 36.38, 108.53, 3, 'excellent', 'K-beauty vitamin C serum riding the Korean skincare wave. 42K monthly searches with 36% net margin and rising trend.'),
  ('b1000000-0000-0000-0000-000000000015', 8.20, 3.00, 13.0, 2.9, 3.50, 5.0, 34.99, 23.79, 67.99, 12.70, 36.30, 113.39, 4, 'excellent', 'Electric eyelash curler is a unique beauty gadget with low supplier cost and high perceived value. Strong impulse purchase potential.');

-- Seed Watchlist
INSERT INTO watchlist (product_id, notes, stage) VALUES
  ('b1000000-0000-0000-0000-000000000002', 'Testing on eBay AU first, then expand to Amazon. Budget $200 ad spend initial test.', 'testing'),
  ('b1000000-0000-0000-0000-000000000010', 'Already profitable — scaling Facebook ads. Target fitness enthusiasts 25-45.', 'scaling'),
  ('b1000000-0000-0000-0000-000000000012', 'Watching trend data. Social media picking up strongly on TikTok.', 'watching'),
  ('b1000000-0000-0000-0000-000000000007', 'High ticket — need to validate supplier quality before scaling.', 'watching'),
  ('b1000000-0000-0000-0000-000000000013', 'Tested — great conversion rate at $69.99. Scaling with influencer partnerships.', 'scaling'),
  ('b1000000-0000-0000-0000-000000000005', 'Seasonal product — peaked Dec/Jan. Dropping for now.', 'dropped');
